,inducted,g,ab,r,h,double,triple,hr,rbi,sb,cs,bb,so,ibb,hbp,sh,sf,g_idp,seasons
0,1,2834,10116.0,1622.0,3007.0,498.0,75.0,399.0,1583.0,137.0,65.0,1277.0,1020.0,131.0,55.0,45.0,104.0,271.0,22
1,1,2143,7161.0,1259.0,2116.0,358.0,85.0,407.0,1333.0,99.0,50.0,971.0,1237.0,104.0,21.0,52.0,32.0,166.0,18
2,0,2071,7030.0,1105.0,1921.0,295.0,48.0,370.0,1274.0,63.0,31.0,943.0,1137.0,31.0,25.0,56.0,50.0,165.0,18
3,0,2216,8479.0,1223.0,2449.0,427.0,78.0,84.0,773.0,89.0,27.0,606.0,346.0,15.0,21.0,97.0,19.0,180.0,21
4,0,2367,9232.0,1279.0,2663.0,355.0,112.0,35.0,790.0,76.0,80.0,719.0,216.0,24.0,142.0,208.0,48.0,175.0,19
5,0,1942,7588.0,1067.0,2134.0,177.0,71.0,20.0,458.0,586.0,208.0,552.0,684.0,26.0,16.0,119.0,29.0,92.0,15
6,0,2189,8365.0,1322.0,2574.0,317.0,109.0,29.0,586.0,234.0,92.0,1198.0,571.0,25.0,43.0,112.0,18.0,83.0,15
7,1,2601,10230.0,1335.0,2677.0,394.0,92.0,83.0,791.0,506.0,136.0,736.0,742.0,22.0,27.0,161.0,76.0,184.0,18
8,0,1463,5101.0,826.0,1325.0,195.0,42.0,275.0,851.0,21.0,9.0,652.0,733.0,42.0,38.0,12.0,43.0,75.0,13
9,0,2409,8731.0,1196.0,2495.0,490.0,120.0,172.0,1311.0,137.0,90.0,955.0,869.0,22.0,49.0,80.0,19.0,183.0,21
10,0,1833,6913.0,951.0,2092.0,356.0,56.0,87.0,671.0,68.0,56.0,594.0,404.0,39.0,15.0,44.0,52.0,143.0,17
11,0,1718,5929.0,848.0,1766.0,290.0,29.0,279.0,1028.0,20.0,10.0,492.0,365.0,70.0,23.0,3.0,23.0,143.0,16
12,0,2124,7927.0,1131.0,2351.0,417.0,27.0,379.0,1365.0,142.0,80.0,588.0,1169.0,154.0,102.0,4.0,74.0,218.0,19
13,0,2163,7755.0,769.0,2016.0,294.0,62.0,138.0,853.0,27.0,23.0,447.0,706.0,110.0,20.0,87.0,70.0,194.0,17
14,0,1605,5363.0,619.0,1471.0,218.0,50.0,167.0,762.0,9.0,14.0,373.0,786.0,82.0,26.0,29.0,52.0,157.0,15
15,0,2243,8143.0,1138.0,2254.0,365.0,67.0,342.0,1331.0,35.0,41.0,1108.0,1343.0,94.0,38.0,13.0,94.0,256.0,15
16,0,2089,6705.0,1046.0,1820.0,241.0,41.0,377.0,1103.0,43.0,30.0,1043.0,1091.0,112.0,90.0,17.0,55.0,139.0,17
17,0,2082,7339.0,985.0,2101.0,359.0,49.0,206.0,852.0,107.0,67.0,423.0,706.0,67.0,57.0,33.0,56.0,135.0,19
18,0,936,3055.0,396.0,767.0,81.0,28.0,7.0,162.0,126.0,51.0,250.0,265.0,11.0,11.0,57.0,17.0,52.0,12
19,0,393,1049.0,54.0,237.0,31.0,3.0,9.0,66.0,3.0,6.0,87.0,168.0,18.0,5.0,6.0,6.0,33.0,10
20,0,551,1462.0,117.0,320.0,56.0,5.0,26.0,148.0,3.0,7.0,96.0,246.0,20.0,5.0,16.0,16.0,43.0,12
21,0,1129,3449.0,331.0,803.0,108.0,13.0,47.0,254.0,22.0,23.0,317.0,414.0,26.0,22.0,60.0,23.0,95.0,13
22,0,740,1950.0,132.0,458.0,66.0,12.0,18.0,169.0,3.0,17.0,241.0,354.0,35.0,7.0,28.0,14.0,67.0,14
23,0,859,2786.0,214.0,627.0,87.0,12.0,50.0,252.0,2.0,10.0,101.0,430.0,25.0,9.0,10.0,24.0,78.0,10
24,0,1272,4813.0,548.0,1230.0,150.0,23.0,27.0,304.0,151.0,58.0,365.0,362.0,18.0,11.0,29.0,24.0,77.0,11
25,0,1470,4577.0,430.0,1106.0,202.0,32.0,81.0,524.0,15.0,23.0,465.0,635.0,118.0,16.0,31.0,43.0,77.0,14
26,0,702,1411.0,150.0,336.0,50.0,7.0,14.0,159.0,5.0,4.0,163.0,184.0,7.0,4.0,12.0,15.0,35.0,13
27,0,705,1815.0,197.0,411.0,67.0,16.0,30.0,177.0,25.0,18.0,217.0,316.0,25.0,6.0,17.0,11.0,29.0,12
28,0,1483,5235.0,745.0,1429.0,223.0,23.0,39.0,370.0,65.0,55.0,555.0,382.0,22.0,243.0,103.0,22.0,100.0,13
29,0,856,2110.0,237.0,475.0,77.0,17.0,32.0,185.0,14.0,10.0,142.0,461.0,10.0,25.0,36.0,11.0,48.0,13
30,0,658,1963.0,204.0,464.0,75.0,8.0,73.0,267.0,5.0,8.0,99.0,350.0,18.0,6.0,15.0,19.0,58.0,11
31,0,1598,5071.0,605.0,1270.0,225.0,40.0,101.0,606.0,34.0,54.0,698.0,853.0,73.0,46.0,54.0,65.0,99.0,13
32,0,540,1364.0,166.0,325.0,68.0,10.0,24.0,159.0,16.0,10.0,160.0,265.0,15.0,15.0,12.0,10.0,33.0,11
33,0,564,1306.0,126.0,308.0,41.0,15.0,33.0,123.0,20.0,13.0,44.0,342.0,9.0,9.0,8.0,5.0,27.0,10
34,0,997,3307.0,391.0,864.0,109.0,24.0,116.0,445.0,40.0,41.0,263.0,672.0,20.0,66.0,25.0,24.0,92.0,13
35,0,636,1920.0,146.0,370.0,60.0,12.0,28.0,161.0,4.0,4.0,152.0,370.0,23.0,4.0,11.0,11.0,69.0,11
36,0,1128,3555.0,436.0,869.0,132.0,26.0,57.0,323.0,43.0,38.0,516.0,466.0,21.0,22.0,26.0,30.0,80.0,12
37,0,843,2422.0,263.0,580.0,80.0,6.0,100.0,310.0,6.0,16.0,338.0,483.0,34.0,35.0,6.0,9.0,45.0,14
38,1,2435,8147.0,1283.0,2086.0,290.0,24.0,573.0,1584.0,19.0,18.0,1559.0,1699.0,160.0,48.0,0.0,77.0,243.0,22
39,0,1423,5344.0,696.0,1558.0,229.0,32.0,113.0,701.0,48.0,50.0,438.0,571.0,59.0,42.0,21.0,58.0,160.0,11
40,0,2469,9645.0,1366.0,2757.0,485.0,127.0,256.0,1170.0,305.0,122.0,574.0,1196.0,69.0,54.0,52.0,78.0,164.0,18
41,0,1320,5208.0,685.0,1473.0,196.0,31.0,22.0,360.0,49.0,25.0,260.0,243.0,3.0,19.0,58.0,27.0,114.0,11
42,0,1051,2262.0,330.0,582.0,78.0,19.0,84.0,322.0,30.0,8.0,242.0,275.0,18.0,15.0,5.0,21.0,54.0,13
43,0,1941,6707.0,662.0,1725.0,285.0,49.0,118.0,689.0,39.0,48.0,522.0,1135.0,122.0,28.0,97.0,48.0,174.0,16
44,0,1392,4692.0,603.0,1254.0,218.0,42.0,153.0,610.0,39.0,38.0,449.0,635.0,50.0,30.0,15.0,29.0,128.0,14
45,0,1384,4136.0,422.0,1053.0,150.0,23.0,58.0,343.0,45.0,46.0,298.0,569.0,31.0,30.0,64.0,17.0,108.0,14
46,0,1366,4117.0,601.0,1041.0,170.0,43.0,139.0,507.0,64.0,49.0,663.0,785.0,47.0,5.0,22.0,30.0,54.0,14
47,0,1423,3443.0,302.0,748.0,79.0,24.0,6.0,252.0,7.0,11.0,370.0,538.0,49.0,8.0,54.0,23.0,94.0,17
48,0,1763,6185.0,888.0,1530.0,231.0,71.0,197.0,697.0,63.0,59.0,882.0,974.0,59.0,33.0,32.0,30.0,77.0,16
49,1,3298,12364.0,2174.0,3771.0,624.0,98.0,755.0,2297.0,240.0,73.0,1402.0,1383.0,293.0,32.0,21.0,121.0,328.0,23
50,1,2808,10006.0,1829.0,2943.0,528.0,72.0,586.0,1812.0,204.0,77.0,1420.0,1532.0,218.0,198.0,17.0,102.0,269.0,22
51,1,2488,9350.0,1410.0,2711.0,434.0,88.0,426.0,1475.0,90.0,49.0,1045.0,1046.0,182.0,43.0,8.0,73.0,200.0,18
52,0,1676,6301.0,870.0,1917.0,329.0,48.0,220.0,947.0,86.0,55.0,448.0,645.0,131.0,59.0,14.0,57.0,139.0,15
53,0,1999,7223.0,811.0,2121.0,272.0,35.0,153.0,1052.0,136.0,59.0,381.0,754.0,66.0,32.0,35.0,68.0,219.0,23
54,0,1553,5390.0,653.0,1352.0,237.0,22.0,210.0,773.0,10.0,22.0,661.0,926.0,61.0,26.0,36.0,57.0,127.0,13
55,0,1774,6073.0,706.0,1591.0,241.0,35.0,200.0,758.0,24.0,21.0,626.0,753.0,67.0,114.0,38.0,48.0,138.0,15
56,0,1810,6269.0,972.0,1609.0,256.0,36.0,146.0,567.0,408.0,116.0,753.0,1080.0,30.0,35.0,76.0,31.0,87.0,16
57,0,1322,4623.0,550.0,1331.0,180.0,33.0,78.0,525.0,113.0,63.0,244.0,626.0,43.0,36.0,12.0,33.0,143.0,14
58,0,1765,5941.0,706.0,1447.0,247.0,33.0,245.0,923.0,11.0,18.0,585.0,1318.0,54.0,20.0,13.0,61.0,164.0,21
59,0,1213,4263.0,565.0,1196.0,183.0,33.0,93.0,524.0,91.0,48.0,360.0,702.0,42.0,40.0,26.0,41.0,108.0,13
60,0,2195,7680.0,1005.0,2007.0,298.0,86.0,75.0,598.0,234.0,111.0,613.0,1083.0,49.0,78.0,91.0,39.0,166.0,21
61,1,2896,10654.0,1232.0,2848.0,482.0,68.0,268.0,1357.0,28.0,22.0,860.0,990.0,120.0,53.0,101.0,114.0,297.0,23
62,0,2209,7874.0,996.0,2342.0,344.0,59.0,252.0,1185.0,23.0,29.0,779.0,1094.0,127.0,85.0,13.0,50.0,284.0,18
63,0,1749,6332.0,1099.0,1848.0,320.0,79.0,351.0,1119.0,133.0,52.0,894.0,1556.0,138.0,16.0,19.0,53.0,164.0,15
64,0,2042,6681.0,889.0,1776.0,270.0,11.0,339.0,1187.0,20.0,21.0,1001.0,1226.0,140.0,29.0,27.0,72.0,164.0,17
65,0,1435,4997.0,414.0,1342.0,223.0,21.0,34.0,477.0,33.0,40.0,231.0,301.0,60.0,15.0,48.0,42.0,126.0,15
66,0,1480,5791.0,699.0,1617.0,229.0,38.0,22.0,403.0,67.0,43.0,318.0,242.0,40.0,63.0,121.0,32.0,146.0,12
67,0,1061,3442.0,311.0,813.0,118.0,13.0,82.0,381.0,12.0,17.0,271.0,565.0,41.0,13.0,44.0,27.0,92.0,14
68,0,1165,4120.0,545.0,1127.0,172.0,23.0,90.0,536.0,85.0,53.0,512.0,565.0,63.0,45.0,7.0,39.0,112.0,12
69,0,1583,5131.0,568.0,1273.0,172.0,26.0,156.0,606.0,20.0,19.0,510.0,815.0,47.0,17.0,34.0,38.0,134.0,17
70,0,1144,3971.0,496.0,1004.0,162.0,9.0,160.0,591.0,23.0,24.0,479.0,669.0,29.0,44.0,20.0,43.0,94.0,10
71,0,1465,5186.0,631.0,1302.0,245.0,39.0,155.0,722.0,37.0,33.0,528.0,1055.0,51.0,40.0,27.0,51.0,142.0,12
72,0,1920,6653.0,1105.0,1665.0,285.0,39.0,291.0,964.0,225.0,101.0,1224.0,1427.0,84.0,27.0,32.0,74.0,117.0,16
73,0,1902,6523.0,844.0,1726.0,264.0,78.0,151.0,706.0,76.0,40.0,715.0,1097.0,48.0,32.0,79.0,53.0,125.0,20
74,0,1435,4797.0,564.0,1252.0,242.0,18.0,136.0,609.0,33.0,25.0,559.0,675.0,57.0,40.0,26.0,43.0,126.0,14
75,0,1516,5022.0,641.0,1243.0,201.0,48.0,117.0,500.0,44.0,23.0,371.0,564.0,32.0,8.0,42.0,34.0,133.0,15
76,0,1931,6082.0,772.0,1564.0,234.0,43.0,189.0,773.0,85.0,83.0,852.0,1126.0,67.0,17.0,40.0,52.0,195.0,18
77,0,2442,7184.0,931.0,1913.0,307.0,33.0,215.0,1044.0,35.0,33.0,1052.0,877.0,129.0,40.0,96.0,65.0,157.0,23
78,1,2616,10332.0,1610.0,3023.0,486.0,141.0,149.0,900.0,938.0,307.0,761.0,1730.0,124.0,49.0,47.0,46.0,114.0,20
79,0,2034,7455.0,1104.0,2143.0,318.0,68.0,282.0,1141.0,105.0,77.0,713.0,1017.0,97.0,20.0,17.0,63.0,185.0,17
80,0,1759,6357.0,851.0,1861.0,271.0,44.0,85.0,636.0,88.0,73.0,444.0,609.0,22.0,52.0,72.0,33.0,117.0,15
81,0,2078,7651.0,899.0,1931.0,254.0,80.0,14.0,527.0,100.0,85.0,684.0,759.0,69.0,22.0,132.0,40.0,132.0,17
82,0,1380,4345.0,448.0,1216.0,170.0,26.0,32.0,377.0,31.0,46.0,138.0,267.0,32.0,30.0,44.0,20.0,143.0,16
83,0,1651,5606.0,712.0,1677.0,278.0,17.0,204.0,890.0,21.0,26.0,642.0,663.0,65.0,13.0,3.0,54.0,206.0,18
84,0,1853,5436.0,536.0,1418.0,225.0,25.0,118.0,614.0,15.0,27.0,454.0,581.0,89.0,14.0,35.0,58.0,138.0,18
85,0,2034,7433.0,957.0,1992.0,306.0,60.0,271.0,1051.0,69.0,57.0,699.0,1418.0,85.0,53.0,22.0,62.0,277.0,16
86,0,1282,4238.0,572.0,1121.0,173.0,34.0,86.0,497.0,193.0,100.0,258.0,587.0,27.0,65.0,64.0,39.0,91.0,14
87,0,1881,6650.0,964.0,1803.0,300.0,51.0,160.0,758.0,233.0,117.0,934.0,708.0,66.0,29.0,53.0,69.0,123.0,15
88,1,2588,8197.0,1229.0,2211.0,353.0,46.0,521.0,1555.0,26.0,22.0,1345.0,1550.0,260.0,69.0,5.0,70.0,176.0,23
89,0,1835,6579.0,1136.0,1963.0,336.0,83.0,186.0,1023.0,205.0,130.0,814.0,584.0,23.0,192.0,68.0,57.0,185.0,18
90,0,1909,5529.0,590.0,1501.0,242.0,57.0,97.0,645.0,61.0,49.0,548.0,422.0,119.0,30.0,35.0,64.0,99.0,24
91,0,1947,6042.0,776.0,1513.0,282.0,55.0,134.0,620.0,171.0,93.0,449.0,877.0,23.0,23.0,108.0,51.0,126.0,18
92,0,2028,7298.0,873.0,1993.0,284.0,40.0,325.0,1163.0,20.0,38.0,620.0,1313.0,95.0,58.0,17.0,59.0,195.0,21
93,0,1422,5554.0,732.0,1571.0,243.0,56.0,21.0,426.0,120.0,74.0,424.0,309.0,28.0,18.0,30.0,31.0,124.0,12
94,0,1448,5062.0,566.0,1500.0,205.0,57.0,65.0,585.0,35.0,38.0,223.0,331.0,96.0,23.0,28.0,44.0,144.0,13
95,0,2017,6964.0,936.0,1913.0,333.0,46.0,138.0,775.0,329.0,139.0,608.0,807.0,38.0,26.0,37.0,61.0,147.0,21
96,0,1533,4744.0,539.0,1120.0,136.0,45.0,7.0,267.0,127.0,60.0,633.0,653.0,31.0,22.0,94.0,23.0,53.0,16
97,0,1849,7043.0,1258.0,1886.0,302.0,66.0,332.0,1024.0,461.0,169.0,914.0,1757.0,75.0,53.0,16.0,64.0,107.0,15
98,0,1421,4339.0,352.0,1092.0,160.0,22.0,39.0,404.0,15.0,23.0,399.0,600.0,77.0,26.0,47.0,33.0,131.0,18
99,1,2360,7927.0,1195.0,2232.0,423.0,55.0,475.0,1540.0,17.0,16.0,937.0,1936.0,227.0,78.0,9.0,75.0,143.0,21
100,0,1536,3779.0,496.0,1149.0,125.0,52.0,31.0,438.0,50.0,42.0,289.0,320.0,43.0,28.0,95.0,36.0,99.0,21
101,0,2016,5784.0,676.0,1316.0,175.0,33.0,20.0,389.0,167.0,75.0,576.0,839.0,22.0,42.0,155.0,45.0,83.0,18
102,0,2071,7609.0,959.0,2031.0,340.0,31.0,354.0,1244.0,39.0,35.0,487.0,1570.0,85.0,49.0,9.0,65.0,219.0,18
103,0,1987,7033.0,1123.0,2020.0,363.0,57.0,314.0,1092.0,137.0,86.0,890.0,1030.0,115.0,33.0,8.0,86.0,150.0,18
104,0,1197,4205.0,652.0,1146.0,193.0,32.0,166.0,674.0,128.0,61.0,462.0,941.0,37.0,39.0,32.0,42.0,95.0,14
105,0,1620,5447.0,733.0,1379.0,211.0,19.0,255.0,879.0,20.0,17.0,881.0,810.0,106.0,55.0,10.0,53.0,108.0,16
106,0,1215,3436.0,455.0,855.0,140.0,16.0,131.0,498.0,31.0,22.0,504.0,473.0,45.0,10.0,7.0,28.0,87.0,14
107,0,1632,5843.0,645.0,1604.0,279.0,25.0,139.0,802.0,32.0,42.0,465.0,751.0,103.0,24.0,10.0,65.0,162.0,20
108,0,1547,5556.0,684.0,1468.0,287.0,39.0,179.0,810.0,25.0,15.0,369.0,870.0,59.0,35.0,65.0,51.0,129.0,16
109,0,1553,4908.0,541.0,1227.0,179.0,27.0,146.0,599.0,11.0,19.0,407.0,582.0,86.0,17.0,35.0,42.0,124.0,17
110,0,1799,5215.0,617.0,1344.0,179.0,42.0,87.0,481.0,64.0,60.0,481.0,675.0,62.0,9.0,65.0,43.0,62.0,16
111,1,2158,7658.0,1091.0,2048.0,381.0,24.0,389.0,1376.0,68.0,43.0,891.0,1278.0,135.0,19.0,11.0,90.0,201.0,17
112,1,3308,11988.0,1816.0,3419.0,646.0,59.0,452.0,1844.0,168.0,116.0,1845.0,1393.0,190.0,40.0,13.0,105.0,323.0,23
113,0,1908,6730.0,972.0,1862.0,285.0,45.0,252.0,1043.0,127.0,75.0,862.0,841.0,96.0,27.0,18.0,81.0,124.0,18
114,0,1720,6215.0,798.0,1623.0,302.0,36.0,176.0,729.0,80.0,51.0,600.0,866.0,45.0,40.0,90.0,53.0,121.0,16
115,0,1555,4390.0,653.0,1060.0,179.0,20.0,201.0,674.0,36.0,42.0,984.0,998.0,58.0,91.0,21.0,39.0,77.0,15
116,0,865,1518.0,174.0,379.0,62.0,1.0,42.0,229.0,3.0,0.0,222.0,181.0,21.0,7.0,6.0,15.0,55.0,16
117,0,1013,3001.0,407.0,719.0,121.0,11.0,122.0,445.0,22.0,12.0,562.0,607.0,64.0,9.0,17.0,35.0,86.0,17
118,0,1522,3780.0,460.0,977.0,161.0,50.0,51.0,392.0,82.0,40.0,354.0,746.0,83.0,31.0,39.0,25.0,68.0,15
119,0,1071,3853.0,548.0,1153.0,167.0,55.0,63.0,430.0,183.0,63.0,248.0,457.0,28.0,40.0,22.0,39.0,64.0,12
120,0,1472,4364.0,536.0,1127.0,229.0,29.0,166.0,641.0,71.0,49.0,263.0,820.0,49.0,16.0,37.0,49.0,128.0,17
121,0,1453,5144.0,681.0,1477.0,245.0,26.0,207.0,792.0,8.0,15.0,533.0,910.0,52.0,12.0,7.0,41.0,138.0,13
122,1,2649,9277.0,1650.0,2517.0,449.0,96.0,268.0,1133.0,689.0,162.0,1865.0,1015.0,76.0,40.0,51.0,96.0,105.0,22
123,0,1392,4512.0,451.0,1114.0,169.0,23.0,40.0,423.0,17.0,29.0,328.0,349.0,9.0,15.0,121.0,49.0,79.0,13
124,0,1832,6185.0,802.0,1826.0,307.0,41.0,184.0,989.0,27.0,28.0,653.0,796.0,98.0,48.0,11.0,65.0,173.0,21
125,0,1986,6136.0,950.0,1619.0,248.0,64.0,241.0,775.0,98.0,91.0,924.0,1513.0,107.0,24.0,46.0,32.0,71.0,19
126,0,1747,5867.0,651.0,1705.0,305.0,41.0,102.0,766.0,32.0,41.0,368.0,541.0,82.0,31.0,35.0,61.0,209.0,18
127,0,1468,5629.0,785.0,1660.0,247.0,71.0,61.0,499.0,267.0,90.0,266.0,471.0,20.0,22.0,75.0,35.0,44.0,16
128,0,1821,6505.0,880.0,1795.0,344.0,24.0,307.0,1128.0,37.0,31.0,845.0,1495.0,95.0,84.0,1.0,79.0,147.0,15
129,0,1154,4455.0,605.0,1226.0,140.0,38.0,7.0,329.0,208.0,99.0,356.0,404.0,10.0,4.0,116.0,32.0,83.0,10
130,0,1112,3791.0,422.0,991.0,183.0,31.0,80.0,454.0,9.0,14.0,318.0,675.0,38.0,23.0,25.0,24.0,86.0,12
131,0,733,1305.0,126.0,375.0,68.0,6.0,26.0,207.0,0.0,4.0,89.0,182.0,28.0,6.0,13.0,15.0,57.0,14
132,0,1998,7299.0,1092.0,2020.0,374.0,66.0,193.0,1007.0,341.0,93.0,757.0,1008.0,53.0,33.0,54.0,103.0,158.0,17
133,0,991,2803.0,331.0,699.0,111.0,28.0,17.0,253.0,125.0,69.0,186.0,464.0,27.0,16.0,17.0,25.0,51.0,13
134,0,2082,7189.0,985.0,2029.0,317.0,25.0,246.0,1065.0,21.0,36.0,1263.0,1246.0,125.0,17.0,29.0,60.0,248.0,15
135,0,810,2681.0,334.0,696.0,152.0,10.0,46.0,312.0,91.0,51.0,323.0,294.0,25.0,25.0,23.0,30.0,80.0,11
136,0,698,1371.0,199.0,350.0,63.0,4.0,54.0,218.0,15.0,13.0,188.0,244.0,17.0,19.0,3.0,12.0,35.0,12
137,1,2469,9315.0,1424.0,3053.0,445.0,112.0,92.0,1015.0,353.0,187.0,1018.0,1028.0,144.0,25.0,128.0,64.0,216.0,19
138,0,2951,9720.0,1189.0,2716.0,499.0,47.0,292.0,1466.0,47.0,33.0,1255.0,888.0,193.0,79.0,56.0,119.0,297.0,24
139,0,2368,9049.0,1189.0,2743.0,529.0,77.0,219.0,1326.0,84.0,64.0,535.0,756.0,119.0,82.0,17.0,95.0,254.0,20
140,0,2247,8418.0,987.0,2191.0,262.0,99.0,15.0,525.0,318.0,105.0,474.0,569.0,45.0,17.0,151.0,43.0,121.0,17
141,0,1689,5536.0,720.0,1443.0,230.0,20.0,240.0,882.0,16.0,22.0,831.0,1135.0,65.0,15.0,4.0,63.0,148.0,16
142,0,1666,5564.0,783.0,1614.0,266.0,28.0,80.0,686.0,24.0,37.0,965.0,550.0,75.0,53.0,44.0,67.0,154.0,13
143,0,1908,6144.0,865.0,1694.0,273.0,57.0,203.0,890.0,38.0,40.0,687.0,741.0,95.0,74.0,44.0,67.0,105.0,19
144,0,1633,3421.0,429.0,833.0,132.0,13.0,95.0,426.0,58.0,44.0,532.0,589.0,51.0,25.0,31.0,25.0,64.0,20
145,0,1368,3476.0,510.0,881.0,137.0,18.0,116.0,441.0,128.0,78.0,446.0,596.0,30.0,9.0,27.0,30.0,58.0,16
146,0,894,3166.0,380.0,881.0,169.0,15.0,123.0,474.0,59.0,37.0,180.0,462.0,9.0,7.0,5.0,34.0,81.0,11
147,0,1496,5053.0,778.0,1422.0,220.0,52.0,54.0,402.0,254.0,92.0,471.0,709.0,30.0,21.0,44.0,30.0,74.0,14
148,0,1140,3829.0,448.0,984.0,193.0,3.0,43.0,372.0,6.0,13.0,297.0,219.0,7.0,14.0,44.0,34.0,128.0,10
149,0,1584,4502.0,656.0,1195.0,188.0,31.0,200.0,666.0,47.0,37.0,610.0,546.0,62.0,43.0,12.0,30.0,64.0,18
150,0,891,2626.0,268.0,682.0,139.0,23.0,43.0,293.0,10.0,10.0,275.0,287.0,47.0,9.0,16.0,25.0,70.0,11
151,0,860,2505.0,305.0,656.0,90.0,25.0,21.0,261.0,105.0,36.0,199.0,265.0,10.0,14.0,28.0,18.0,89.0,10
152,1,2777,9778.0,1272.0,2732.0,505.0,79.0,379.0,1652.0,49.0,33.0,925.0,1867.0,150.0,43.0,9.0,106.0,268.0,23
153,0,3562,14053.0,2165.0,4256.0,746.0,135.0,160.0,1314.0,198.0,149.0,1566.0,1143.0,167.0,107.0,56.0,79.0,247.0,25
154,0,1977,7023.0,986.0,1925.0,307.0,47.0,348.0,1239.0,51.0,31.0,666.0,1419.0,106.0,52.0,3.0,68.0,196.0,20
155,0,2008,6890.0,1033.0,1833.0,320.0,47.0,224.0,864.0,104.0,83.0,1087.0,1278.0,50.0,86.0,107.0,50.0,157.0,17
156,0,2039,7117.0,964.0,1981.0,320.0,23.0,242.0,1013.0,137.0,73.0,762.0,926.0,52.0,30.0,27.0,85.0,158.0,19
157,0,2181,7318.0,796.0,1926.0,293.0,57.0,46.0,627.0,167.0,69.0,483.0,667.0,106.0,36.0,132.0,51.0,174.0,18
158,0,2006,7310.0,1084.0,2087.0,436.0,60.0,199.0,976.0,550.0,179.0,664.0,938.0,83.0,56.0,32.0,71.0,167.0,18
159,0,1269,3584.0,357.0,816.0,118.0,16.0,102.0,410.0,14.0,18.0,342.0,726.0,64.0,27.0,33.0,28.0,93.0,15
160,0,2155,7402.0,1115.0,1954.0,307.0,40.0,195.0,918.0,238.0,94.0,1153.0,868.0,51.0,63.0,76.0,72.0,155.0,17
161,0,1749,6331.0,777.0,1802.0,337.0,62.0,117.0,754.0,248.0,92.0,323.0,781.0,60.0,36.0,25.0,60.0,99.0,16
162,0,1754,5913.0,784.0,1615.0,277.0,33.0,235.0,901.0,87.0,70.0,560.0,852.0,105.0,35.0,21.0,69.0,122.0,16
163,0,1436,4677.0,681.0,1051.0,212.0,13.0,268.0,782.0,50.0,49.0,697.0,1339.0,41.0,18.0,41.0,53.0,84.0,15
164,1,2820,9864.0,1551.0,2584.0,463.0,49.0,563.0,1702.0,228.0,115.0,1375.0,2597.0,164.0,96.0,13.0,68.0,183.0,21
165,0,2332,8835.0,1143.0,2599.0,440.0,43.0,272.0,1308.0,83.0,62.0,479.0,1003.0,113.0,29.0,33.0,90.0,251.0,19
166,0,1806,6594.0,920.0,2008.0,348.0,34.0,163.0,860.0,174.0,90.0,605.0,510.0,121.0,68.0,36.0,69.0,190.0,18
167,0,2073,7162.0,977.0,1868.0,328.0,21.0,316.0,1139.0,24.0,29.0,1012.0,1235.0,117.0,62.0,26.0,82.0,185.0,17
168,0,1649,5809.0,778.0,1505.0,312.0,29.0,237.0,879.0,58.0,48.0,618.0,904.0,57.0,21.0,22.0,64.0,177.0,16
169,0,1812,6354.0,1023.0,1671.0,232.0,50.0,155.0,614.0,557.0,114.0,833.0,852.0,38.0,31.0,74.0,48.0,126.0,18
170,0,1565,5291.0,792.0,1342.0,244.0,22.0,253.0,895.0,48.0,37.0,876.0,851.0,69.0,41.0,14.0,71.0,129.0,15
171,0,1346,5139.0,656.0,1401.0,256.0,23.0,50.0,449.0,72.0,68.0,420.0,477.0,11.0,28.0,84.0,46.0,138.0,13
172,0,1896,7349.0,1012.0,2192.0,415.0,47.0,241.0,1125.0,89.0,49.0,448.0,911.0,79.0,17.0,46.0,79.0,150.0,17
173,0,2033,7147.0,1083.0,2011.0,319.0,51.0,234.0,978.0,183.0,74.0,940.0,1125.0,46.0,21.0,19.0,62.0,179.0,17
174,0,2084,7218.0,940.0,2091.0,484.0,66.0,191.0,1097.0,109.0,78.0,648.0,779.0,69.0,79.0,28.0,85.0,186.0,19
175,0,1782,5539.0,765.0,1369.0,237.0,48.0,188.0,826.0,39.0,37.0,905.0,1025.0,106.0,45.0,18.0,63.0,102.0,17
176,0,2700,8986.0,1193.0,2225.0,328.0,28.0,390.0,1314.0,32.0,36.0,1088.0,1209.0,94.0,50.0,12.0,90.0,197.0,22
177,0,2456,8680.0,1074.0,2472.0,483.0,47.0,248.0,1389.0,21.0,33.0,855.0,694.0,188.0,39.0,11.0,100.0,287.0,21
178,0,2292,8198.0,1236.0,2135.0,366.0,28.0,338.0,1276.0,285.0,120.0,805.0,1069.0,91.0,267.0,16.0,115.0,196.0,20
179,0,2353,7917.0,1036.0,2251.0,391.0,94.0,165.0,1077.0,317.0,136.0,898.0,1031.0,142.0,7.0,27.0,82.0,119.0,19
180,0,1860,6136.0,780.0,1594.0,299.0,82.0,109.0,738.0,225.0,105.0,564.0,842.0,74.0,34.0,67.0,59.0,131.0,18
181,0,1891,6792.0,850.0,1789.0,360.0,33.0,256.0,992.0,30.0,36.0,529.0,1359.0,79.0,42.0,31.0,56.0,187.0,16
182,0,1495,4829.0,490.0,1311.0,266.0,27.0,84.0,595.0,14.0,25.0,343.0,579.0,43.0,36.0,22.0,61.0,169.0,14
183,0,2175,7571.0,912.0,2109.0,392.0,42.0,185.0,972.0,40.0,35.0,632.0,926.0,99.0,27.0,19.0,56.0,166.0,18
184,0,2048,7129.0,941.0,1980.0,343.0,27.0,267.0,1111.0,59.0,47.0,567.0,1013.0,77.0,22.0,21.0,86.0,211.0,20
185,0,1020,3777.0,560.0,1047.0,169.0,8.0,218.0,685.0,14.0,18.0,369.0,512.0,39.0,16.0,1.0,50.0,111.0,10
186,1,2404,8352.0,1506.0,2234.0,408.0,59.0,548.0,1595.0,174.0,92.0,1507.0,1883.0,201.0,79.0,16.0,108.0,156.0,18
187,1,2089,8225.0,1249.0,2452.0,373.0,79.0,382.0,1451.0,58.0,34.0,670.0,1423.0,77.0,64.0,5.0,94.0,315.0,16
188,0,2405,8995.0,1151.0,2514.0,425.0,56.0,201.0,1106.0,55.0,79.0,836.0,776.0,84.0,38.0,60.0,80.0,255.0,20
189,0,2687,8973.0,1344.0,2223.0,329.0,36.0,414.0,1354.0,98.0,68.0,1605.0,1410.0,141.0,35.0,34.0,90.0,133.0,22
190,0,2260,7156.0,770.0,1759.0,302.0,50.0,112.0,720.0,42.0,54.0,847.0,988.0,106.0,35.0,73.0,44.0,183.0,22
191,0,1962,6021.0,621.0,1493.0,243.0,36.0,95.0,624.0,20.0,37.0,699.0,963.0,31.0,22.0,118.0,38.0,159.0,17
192,0,1780,5950.0,598.0,1562.0,239.0,33.0,61.0,571.0,56.0,57.0,452.0,742.0,35.0,34.0,88.0,49.0,143.0,18
193,0,2264,7245.0,679.0,1838.0,303.0,26.0,105.0,826.0,38.0,50.0,663.0,608.0,90.0,20.0,142.0,78.0,191.0,19
194,0,1969,6925.0,1063.0,1960.0,388.0,43.0,306.0,1111.0,72.0,54.0,857.0,1116.0,77.0,30.0,25.0,86.0,149.0,18
195,0,2088,7370.0,1124.0,2182.0,426.0,60.0,162.0,1071.0,98.0,63.0,1070.0,1012.0,130.0,32.0,10.0,71.0,161.0,18
196,0,2324,7859.0,912.0,2006.0,407.0,58.0,160.0,886.0,178.0,83.0,412.0,1035.0,27.0,30.0,101.0,65.0,156.0,18
197,0,2517,9397.0,1077.0,2715.0,498.0,49.0,174.0,1208.0,183.0,73.0,450.0,453.0,111.0,42.0,47.0,97.0,247.0,25
198,0,1988,6868.0,973.0,1875.0,396.0,61.0,215.0,884.0,58.0,76.0,749.0,1024.0,46.0,151.0,50.0,54.0,174.0,16
199,0,1415,5045.0,614.0,1342.0,223.0,37.0,144.0,723.0,163.0,61.0,342.0,1000.0,41.0,23.0,8.0,58.0,146.0,16
200,0,1353,5188.0,604.0,1502.0,294.0,36.0,53.0,594.0,80.0,49.0,353.0,329.0,39.0,12.0,48.0,56.0,126.0,11
201,0,1912,6787.0,926.0,1884.0,334.0,69.0,164.0,824.0,312.0,134.0,468.0,1266.0,77.0,36.0,25.0,51.0,140.0,21
202,0,2466,9358.0,1272.0,2712.0,526.0,75.0,339.0,1493.0,154.0,113.0,683.0,1537.0,170.0,56.0,1.0,86.0,209.0,20
203,0,2606,8996.0,1470.0,2446.0,483.0,73.0,385.0,1384.0,78.0,59.0,1391.0,1697.0,60.0,53.0,52.0,77.0,227.0,20
204,0,2097,7229.0,1129.0,2143.0,364.0,77.0,152.0,859.0,200.0,83.0,719.0,898.0,51.0,14.0,31.0,55.0,106.0,22
205,0,2079,7721.0,893.0,2096.0,329.0,106.0,70.0,728.0,242.0,129.0,375.0,1092.0,144.0,9.0,57.0,46.0,167.0,17
206,0,1491,4979.0,474.0,1313.0,244.0,12.0,113.0,628.0,6.0,15.0,365.0,855.0,86.0,16.0,22.0,39.0,125.0,14
207,0,1531,4855.0,676.0,1361.0,226.0,56.0,62.0,435.0,217.0,99.0,505.0,507.0,49.0,26.0,57.0,36.0,59.0,15
208,1,2295,7971.0,1025.0,2092.0,371.0,31.0,324.0,1225.0,39.0,42.0,848.0,997.0,106.0,68.0,33.0,99.0,180.0,19
209,0,1994,6847.0,1118.0,1826.0,332.0,39.0,340.0,1180.0,77.0,61.0,1262.0,1441.0,127.0,24.0,9.0,83.0,174.0,18
210,0,1536,5392.0,730.0,1618.0,267.0,29.0,215.0,898.0,97.0,47.0,609.0,862.0,115.0,32.0,9.0,73.0,122.0,16
211,0,2202,8018.0,1239.0,2210.0,316.0,65.0,54.0,687.0,271.0,94.0,1243.0,675.0,37.0,38.0,99.0,64.0,218.0,19
212,0,1862,7158.0,1007.0,2074.0,332.0,40.0,151.0,874.0,224.0,104.0,553.0,719.0,45.0,64.0,53.0,77.0,166.0,15
213,0,2344,7853.0,1188.0,2099.0,360.0,28.0,275.0,1073.0,50.0,44.0,1197.0,1127.0,55.0,129.0,60.0,70.0,197.0,20
214,1,2707,10349.0,1583.0,3154.0,665.0,137.0,317.0,1595.0,201.0,97.0,1096.0,908.0,229.0,33.0,26.0,120.0,235.0,21
215,1,2856,11008.0,1632.0,3142.0,583.0,126.0,251.0,1406.0,271.0,105.0,966.0,1350.0,95.0,48.0,104.0,123.0,217.0,20
216,1,2499,8756.0,1276.0,2356.0,421.0,47.0,376.0,1330.0,128.0,58.0,849.0,1386.0,105.0,143.0,26.0,79.0,204.0,24
217,0,2180,7960.0,1197.0,2111.0,350.0,39.0,398.0,1266.0,161.0,68.0,986.0,1748.0,159.0,28.0,6.0,60.0,209.0,19
218,0,1587,6123.0,814.0,1702.0,308.0,34.0,265.0,1002.0,67.0,36.0,331.0,771.0,53.0,49.0,0.0,83.0,165.0,12
219,0,2154,7731.0,1169.0,2207.0,281.0,147.0,41.0,585.0,668.0,134.0,425.0,1144.0,27.0,62.0,64.0,35.0,90.0,19
220,0,1747,6192.0,903.0,1749.0,312.0,18.0,293.0,1086.0,37.0,26.0,838.0,798.0,110.0,26.0,15.0,66.0,165.0,14
221,0,1538,5130.0,710.0,1324.0,286.0,17.0,197.0,708.0,50.0,38.0,465.0,1105.0,19.0,22.0,19.0,41.0,83.0,16
222,0,1769,6940.0,913.0,1949.0,278.0,47.0,54.0,550.0,444.0,178.0,556.0,584.0,47.0,24.0,75.0,37.0,146.0,14
223,0,1613,5170.0,909.0,1488.0,273.0,58.0,98.0,533.0,370.0,140.0,623.0,849.0,19.0,92.0,21.0,46.0,69.0,19
224,0,1645,5974.0,656.0,1608.0,290.0,31.0,149.0,824.0,64.0,56.0,387.0,1005.0,62.0,38.0,12.0,65.0,163.0,15
225,1,2973,11003.0,1669.0,3110.0,540.0,88.0,465.0,1833.0,223.0,96.0,1216.0,1686.0,172.0,25.0,19.0,95.0,319.0,23
226,1,1783,7244.0,1071.0,2304.0,414.0,57.0,207.0,1085.0,134.0,76.0,450.0,965.0,85.0,56.0,23.0,58.0,188.0,12
227,0,1785,7003.0,1007.0,2153.0,442.0,20.0,222.0,1099.0,14.0,9.0,588.0,444.0,136.0,21.0,13.0,96.0,191.0,14
228,0,2390,8570.0,1386.0,2369.0,420.0,65.0,244.0,1084.0,143.0,75.0,1197.0,1099.0,79.0,20.0,89.0,91.0,143.0,19
229,0,1635,5798.0,985.0,1553.0,260.0,54.0,255.0,870.0,284.0,78.0,718.0,1285.0,72.0,61.0,23.0,56.0,72.0,17
230,0,1988,7067.0,856.0,1782.0,305.0,27.0,324.0,1070.0,28.0,37.0,612.0,1527.0,62.0,37.0,23.0,58.0,197.0,20
231,0,1200,3897.0,582.0,1170.0,199.0,34.0,100.0,592.0,58.0,31.0,649.0,701.0,83.0,2.0,12.0,43.0,92.0,11
232,0,1531,4940.0,760.0,1229.0,247.0,22.0,228.0,760.0,231.0,77.0,692.0,1053.0,105.0,17.0,9.0,57.0,61.0,14
233,0,1658,5711.0,835.0,1562.0,293.0,91.0,164.0,792.0,245.0,59.0,667.0,1063.0,55.0,27.0,12.0,61.0,94.0,14
234,1,2573,9396.0,1257.0,2460.0,402.0,69.0,28.0,793.0,580.0,148.0,1072.0,589.0,79.0,33.0,214.0,63.0,167.0,19
235,1,2627,9927.0,1373.0,2774.0,503.0,98.0,438.0,1591.0,314.0,109.0,589.0,1509.0,143.0,111.0,24.0,118.0,217.0,21
236,0,2293,8288.0,1231.0,2365.0,412.0,55.0,185.0,1003.0,236.0,109.0,850.0,874.0,48.0,37.0,124.0,76.0,156.0,20
237,0,1269,4623.0,657.0,1400.0,275.0,38.0,130.0,726.0,80.0,43.0,460.0,364.0,79.0,39.0,3.0,41.0,136.0,12
238,0,1278,4559.0,802.0,1298.0,281.0,43.0,81.0,404.0,285.0,72.0,640.0,503.0,50.0,31.0,25.0,27.0,39.0,13
239,0,1304,4612.0,671.0,1187.0,238.0,39.0,119.0,458.0,103.0,62.0,439.0,987.0,8.0,66.0,99.0,19.0,72.0,11
240,1,3026,11336.0,1627.0,3255.0,560.0,35.0,504.0,1917.0,110.0,43.0,1333.0,1516.0,222.0,18.0,2.0,128.0,316.0,23
241,1,2164,8385.0,1318.0,2386.0,403.0,76.0,282.0,1061.0,344.0,107.0,761.0,1260.0,59.0,34.0,31.0,71.0,139.0,16
242,0,1371,5406.0,849.0,1425.0,176.0,89.0,28.0,346.0,752.0,177.0,477.0,960.0,12.0,15.0,48.0,24.0,45.0,14
243,0,2213,8180.0,1359.0,2375.0,277.0,131.0,54.0,578.0,558.0,257.0,1129.0,907.0,23.0,38.0,147.0,51.0,62.0,18
244,0,1988,6489.0,667.0,1687.0,298.0,27.0,107.0,708.0,80.0,63.0,455.0,846.0,72.0,23.0,68.0,38.0,234.0,19
245,0,1161,3630.0,511.0,891.0,197.0,25.0,137.0,588.0,50.0,10.0,629.0,726.0,58.0,24.0,12.0,41.0,35.0,15
246,0,1406,5011.0,756.0,1366.0,289.0,22.0,262.0,925.0,37.0,30.0,768.0,1362.0,47.0,17.0,2.0,44.0,110.0,15
247,0,1485,4698.0,711.0,1132.0,210.0,16.0,245.0,732.0,23.0,29.0,949.0,1307.0,72.0,30.0,21.0,47.0,86.0,14
248,1,2683,10835.0,1782.0,3319.0,605.0,114.0,234.0,1307.0,504.0,131.0,1094.0,1244.0,100.0,47.0,75.0,109.0,209.0,21
249,0,2189,8422.0,1170.0,2184.0,432.0,53.0,396.0,1445.0,231.0,66.0,527.0,1387.0,86.0,90.0,10.0,105.0,132.0,17
250,0,1422,3995.0,492.0,1160.0,221.0,39.0,52.0,477.0,105.0,38.0,324.0,435.0,47.0,8.0,22.0,42.0,75.0,16
251,0,1223,4134.0,630.0,1173.0,224.0,25.0,234.0,760.0,30.0,31.0,491.0,719.0,87.0,27.0,2.0,42.0,89.0,15
252,0,1720,6081.0,873.0,1578.0,287.0,102.0,161.0,703.0,396.0,143.0,440.0,1442.0,38.0,74.0,27.0,42.0,81.0,19
253,0,1470,5157.0,744.0,1313.0,200.0,7.0,319.0,1008.0,2.0,6.0,693.0,1316.0,76.0,43.0,0.0,46.0,169.0,15
254,0,1893,7032.0,851.0,1897.0,356.0,39.0,140.0,946.0,127.0,59.0,486.0,979.0,77.0,15.0,37.0,67.0,178.0,16
255,0,2201,7649.0,1010.0,2254.0,350.0,94.0,79.0,856.0,352.0,121.0,448.0,1238.0,58.0,15.0,30.0,46.0,157.0,19
256,0,1583,5418.0,898.0,1401.0,256.0,38.0,335.0,1000.0,221.0,99.0,816.0,1352.0,131.0,38.0,1.0,53.0,64.0,17
257,0,2161,7617.0,1300.0,2023.0,360.0,50.0,160.0,819.0,177.0,114.0,1319.0,1499.0,44.0,42.0,69.0,63.0,127.0,20
258,0,1546,5369.0,638.0,1453.0,273.0,21.0,162.0,745.0,23.0,22.0,418.0,938.0,31.0,48.0,15.0,46.0,176.0,14
259,0,1709,5115.0,878.0,1379.0,142.0,27.0,11.0,318.0,620.0,186.0,585.0,694.0,10.0,5.0,67.0,28.0,72.0,18
260,0,1539,5853.0,974.0,1726.0,389.0,21.0,381.0,1239.0,88.0,41.0,683.0,961.0,91.0,55.0,4.0,78.0,193.0,12
261,0,1976,7173.0,1186.0,2176.0,440.0,47.0,284.0,1205.0,67.0,48.0,937.0,1190.0,155.0,59.0,13.0,101.0,100.0,16
262,0,1993,6686.0,773.0,1764.0,275.0,69.0,28.0,619.0,169.0,108.0,239.0,511.0,25.0,7.0,141.0,60.0,114.0,17
263,0,1246,3998.0,535.0,1216.0,246.0,21.0,76.0,513.0,45.0,24.0,356.0,548.0,55.0,22.0,28.0,39.0,105.0,14
264,0,1465,5520.0,761.0,1593.0,300.0,27.0,126.0,663.0,196.0,63.0,472.0,348.0,59.0,24.0,4.0,52.0,156.0,15
265,0,1495,4686.0,623.0,1207.0,182.0,31.0,25.0,386.0,96.0,35.0,658.0,658.0,38.0,40.0,89.0,42.0,75.0,14
266,0,1086,3744.0,444.0,966.0,186.0,20.0,28.0,355.0,47.0,44.0,154.0,306.0,0.0,36.0,77.0,21.0,105.0,12
267,1,3001,11551.0,1647.0,3184.0,603.0,44.0,431.0,1695.0,36.0,39.0,1129.0,1305.0,107.0,66.0,10.0,127.0,350.0,21
268,1,2440,9288.0,1383.0,3141.0,543.0,85.0,135.0,1138.0,319.0,125.0,790.0,434.0,203.0,24.0,45.0,85.0,260.0,20
269,0,1874,6187.0,1167.0,1626.0,252.0,6.0,583.0,1414.0,12.0,8.0,1317.0,1596.0,150.0,75.0,3.0,78.0,147.0,17
270,0,2830,9908.0,1299.0,2866.0,488.0,49.0,384.0,1628.0,34.0,34.0,1062.0,1441.0,187.0,14.0,9.0,99.0,298.0,27
271,0,2158,7911.0,1057.0,2276.0,414.0,92.0,94.0,844.0,246.0,138.0,690.0,784.0,48.0,64.0,67.0,61.0,161.0,19
272,0,1704,6381.0,934.0,1906.0,401.0,27.0,274.0,1141.0,152.0,73.0,355.0,1078.0,32.0,41.0,5.0,73.0,176.0,15
273,0,1626,5321.0,938.0,1430.0,239.0,26.0,282.0,934.0,349.0,66.0,740.0,1398.0,59.0,33.0,3.0,50.0,112.0,18
274,0,1760,6288.0,894.0,1710.0,348.0,17.0,239.0,983.0,88.0,39.0,727.0,1163.0,111.0,29.0,14.0,67.0,152.0,16
275,0,1472,5013.0,798.0,1273.0,233.0,19.0,310.0,965.0,6.0,24.0,792.0,1406.0,41.0,56.0,12.0,54.0,123.0,16
276,0,1146,3889.0,544.0,1001.0,200.0,8.0,141.0,531.0,57.0,30.0,348.0,699.0,12.0,47.0,31.0,41.0,84.0,11
277,0,2033,7127.0,973.0,2060.0,409.0,26.0,204.0,1106.0,60.0,39.0,833.0,825.0,108.0,38.0,26.0,91.0,168.0,16
278,0,1941,7344.0,1125.0,1934.0,378.0,71.0,208.0,846.0,346.0,98.0,541.0,1526.0,32.0,87.0,61.0,47.0,98.0,17
279,0,2502,8872.0,1571.0,2605.0,430.0,113.0,170.0,980.0,808.0,146.0,1330.0,966.0,148.0,42.0,39.0,76.0,142.0,24
280,0,1698,6481.0,895.0,1776.0,345.0,40.0,223.0,1022.0,72.0,38.0,602.0,1369.0,19.0,41.0,15.0,78.0,154.0,13
281,0,1814,5927.0,736.0,1597.0,292.0,62.0,150.0,668.0,212.0,82.0,203.0,1000.0,44.0,41.0,56.0,49.0,98.0,21
282,0,1610,5625.0,929.0,1571.0,280.0,24.0,305.0,1017.0,53.0,46.0,903.0,999.0,85.0,18.0,1.0,54.0,101.0,15
283,0,1632,6366.0,1132.0,1839.0,322.0,64.0,98.0,615.0,407.0,117.0,804.0,730.0,22.0,139.0,20.0,56.0,116.0,12
284,0,1834,6499.0,1062.0,1661.0,338.0,67.0,210.0,761.0,315.0,100.0,960.0,1190.0,59.0,154.0,74.0,50.0,65.0,16
285,1,3081,10961.0,2295.0,3055.0,510.0,66.0,297.0,1115.0,1406.0,335.0,2190.0,1694.0,61.0,98.0,30.0,67.0,172.0,29
286,0,1866,7000.0,997.0,1878.0,338.0,35.0,378.0,1218.0,53.0,35.0,469.0,1363.0,86.0,55.0,9.0,62.0,182.0,17
287,0,1512,5532.0,861.0,1620.0,270.0,10.0,328.0,1064.0,30.0,18.0,725.0,1429.0,144.0,108.0,0.0,45.0,135.0,12
288,0,2063,7398.0,1123.0,1963.0,394.0,67.0,195.0,860.0,91.0,60.0,853.0,1443.0,25.0,57.0,159.0,58.0,165.0,18
289,0,1832,6449.0,1080.0,1651.0,302.0,50.0,321.0,1008.0,243.0,102.0,770.0,1411.0,38.0,32.0,12.0,57.0,98.0,18
290,0,1731,6103.0,1017.0,1475.0,284.0,23.0,355.0,1072.0,121.0,59.0,865.0,1513.0,54.0,37.0,11.0,54.0,101.0,16
291,1,2379,9073.0,1508.0,2724.0,504.0,80.0,210.0,1134.0,474.0,114.0,1032.0,1140.0,62.0,50.0,148.0,97.0,206.0,19
292,1,2180,7937.0,1329.0,2340.0,441.0,76.0,198.0,960.0,379.0,77.0,939.0,817.0,66.0,55.0,59.0,67.0,178.0,19
293,0,2055,7213.0,1219.0,2247.0,514.0,15.0,309.0,1261.0,49.0,30.0,1283.0,1202.0,113.0,89.0,10.0,77.0,190.0,18
294,0,2460,8757.0,1349.0,2490.0,441.0,24.0,493.0,1550.0,72.0,38.0,1305.0,1882.0,171.0,39.0,2.0,71.0,226.0,21
295,0,2257,8096.0,1195.0,2333.0,444.0,32.0,399.0,1425.0,128.0,81.0,583.0,2003.0,106.0,178.0,1.0,58.0,179.0,20
296,0,1755,6441.0,797.0,1724.0,324.0,11.0,284.0,1027.0,59.0,30.0,552.0,1167.0,21.0,31.0,0.0,76.0,181.0,14
297,0,2000,7232.0,1253.0,2107.0,402.0,63.0,352.0,1206.0,181.0,84.0,793.0,1340.0,33.0,60.0,29.0,62.0,171.0,19
298,0,1456,4847.0,683.0,1412.0,284.0,16.0,139.0,684.0,17.0,19.0,524.0,687.0,56.0,14.0,19.0,45.0,131.0,18
299,0,1701,5747.0,968.0,1561.0,356.0,54.0,238.0,874.0,258.0,117.0,828.0,1550.0,68.0,36.0,10.0,53.0,77.0,15
300,0,2150,7797.0,1517.0,2314.0,488.0,32.0,449.0,1529.0,202.0,78.0,1401.0,1558.0,155.0,128.0,3.0,102.0,221.0,15
301,0,1988,6907.0,1355.0,2160.0,471.0,62.0,383.0,1311.0,230.0,76.0,913.0,1231.0,117.0,138.0,7.0,65.0,153.0,18
302,0,2831,10472.0,1663.0,3020.0,585.0,38.0,569.0,1835.0,97.0,40.0,1353.0,1348.0,171.0,87.0,15.0,119.0,231.0,20
303,0,1689,6556.0,1061.0,1936.0,388.0,25.0,434.0,1404.0,26.0,19.0,457.0,1273.0,74.0,62.0,2.0,78.0,184.0,17
304,0,2023,7111.0,1008.0,1925.0,365.0,21.0,339.0,1271.0,27.0,20.0,780.0,1069.0,102.0,59.0,14.0,80.0,191.0,16
305,0,2165,8275.0,1187.0,2251.0,386.0,56.0,227.0,967.0,429.0,116.0,553.0,1240.0,44.0,31.0,38.0,62.0,171.0,17
306,0,2234,7592.0,1139.0,2239.0,500.0,13.0,255.0,1230.0,11.0,14.0,1275.0,1016.0,157.0,88.0,12.0,96.0,232.0,18
307,0,2313,8258.0,1062.0,2326.0,440.0,42.0,188.0,1153.0,141.0,84.0,640.0,839.0,81.0,33.0,71.0,104.0,169.0,20
308,0,1780,6683.0,927.0,1775.0,366.0,28.0,252.0,1021.0,94.0,53.0,552.0,1295.0,32.0,69.0,55.0,73.0,168.0,15
309,0,1978,6951.0,755.0,1830.0,323.0,41.0,217.0,920.0,91.0,69.0,430.0,1270.0,52.0,38.0,26.0,70.0,205.0,20
310,0,1630,5439.0,731.0,1583.0,279.0,17.0,134.0,774.0,59.0,24.0,291.0,580.0,41.0,73.0,26.0,66.0,158.0,16
311,0,1362,4910.0,736.0,1336.0,270.0,33.0,187.0,709.0,91.0,53.0,649.0,796.0,36.0,37.0,12.0,52.0,83.0,11
312,0,1188,3836.0,465.0,940.0,211.0,4.0,167.0,570.0,6.0,10.0,475.0,997.0,29.0,25.0,18.0,31.0,112.0,14
313,0,1525,5814.0,909.0,1589.0,319.0,49.0,271.0,860.0,229.0,92.0,475.0,1130.0,50.0,41.0,2.0,37.0,93.0,16
314,0,2076,7869.0,1366.0,2336.0,449.0,55.0,287.0,1257.0,147.0,87.0,1069.0,1212.0,97.0,39.0,12.0,64.0,223.0,16
315,0,1854,6822.0,902.0,1884.0,349.0,28.0,320.0,1105.0,33.0,43.0,423.0,1069.0,64.0,60.0,8.0,71.0,224.0,18
316,0,1672,5934.0,986.0,1674.0,339.0,24.0,299.0,1016.0,48.0,42.0,970.0,1360.0,45.0,67.0,0.0,68.0,98.0,14
317,0,1216,4223.0,663.0,1229.0,265.0,22.0,85.0,493.0,20.0,18.0,543.0,571.0,17.0,35.0,37.0,48.0,105.0,12
318,0,1503,5319.0,674.0,1527.0,267.0,19.0,260.0,864.0,8.0,19.0,357.0,969.0,43.0,66.0,6.0,45.0,172.0,16
319,0,1730,6119.0,996.0,1731.0,327.0,46.0,79.0,543.0,465.0,168.0,660.0,462.0,14.0,89.0,84.0,44.0,135.0,18
320,0,1217,4188.0,584.0,1131.0,209.0,6.0,208.0,743.0,18.0,5.0,449.0,1019.0,30.0,30.0,3.0,33.0,112.0,16
321,0,1456,5160.0,755.0,1454.0,267.0,37.0,184.0,821.0,119.0,48.0,353.0,842.0,25.0,74.0,2.0,57.0,118.0,15
322,0,2186,8044.0,1084.0,2152.0,428.0,59.0,306.0,1322.0,142.0,52.0,610.0,1239.0,102.0,7.0,1.0,120.0,193.0,25
323,0,1694,5710.0,917.0,1447.0,298.0,29.0,315.0,981.0,74.0,58.0,739.0,1376.0,75.0,78.0,9.0,43.0,99.0,16
324,0,1303,4963.0,739.0,1353.0,190.0,59.0,36.0,368.0,363.0,74.0,308.0,649.0,9.0,28.0,57.0,33.0,53.0,16
325,1,2850,10876.0,1844.0,3060.0,668.0,55.0,291.0,1175.0,414.0,124.0,1160.0,1753.0,68.0,285.0,101.0,81.0,150.0,20
326,1,1912,6911.0,1048.0,2127.0,344.0,8.0,427.0,1335.0,17.0,20.0,759.0,1113.0,146.0,30.0,0.0,45.0,229.0,18
327,0,2986,9847.0,2227.0,2935.0,601.0,77.0,762.0,1996.0,514.0,141.0,2558.0,1539.0,688.0,106.0,4.0,91.0,165.0,22
328,0,2354,8813.0,1475.0,2408.0,379.0,45.0,609.0,1667.0,234.0,107.0,929.0,2306.0,154.0,59.0,17.0,78.0,202.0,19
329,0,2103,8120.0,1528.0,2428.0,383.0,116.0,130.0,781.0,622.0,160.0,945.0,1016.0,43.0,32.0,72.0,65.0,109.0,20
330,0,1377,4530.0,520.0,1236.0,249.0,10.0,112.0,588.0,25.0,24.0,212.0,499.0,15.0,41.0,48.0,34.0,132.0,22
331,0,404,996.0,110.0,235.0,50.0,4.0,48.0,152.0,2.0,6.0,81.0,375.0,6.0,8.0,0.0,6.0,17.0,7
332,0,1951,7082.0,1129.0,2003.0,445.0,35.0,328.0,1070.0,162.0,52.0,744.0,1315.0,80.0,80.0,3.0,53.0,174.0,16
333,0,2024,6957.0,870.0,1982.0,385.0,36.0,214.0,1071.0,54.0,29.0,671.0,1168.0,46.0,41.0,9.0,103.0,182.0,20
334,0,1777,6241.0,1037.0,1666.0,341.0,60.0,305.0,983.0,304.0,115.0,674.0,1614.0,49.0,71.0,14.0,43.0,121.0,17
335,0,1474,5357.0,756.0,1519.0,296.0,34.0,198.0,768.0,94.0,47.0,360.0,925.0,21.0,88.0,5.0,42.0,143.0,17
336,0,2108,7379.0,935.0,1904.0,363.0,55.0,110.0,723.0,231.0,100.0,565.0,1415.0,34.0,45.0,113.0,62.0,218.0,20
337,0,1736,5611.0,874.0,1564.0,343.0,33.0,278.0,987.0,91.0,41.0,817.0,1077.0,84.0,29.0,4.0,55.0,125.0,16
338,0,1288,4554.0,647.0,1316.0,284.0,30.0,107.0,545.0,66.0,37.0,421.0,571.0,34.0,16.0,18.0,46.0,102.0,15
339,1,2322,8199.0,1494.0,2468.0,495.0,12.0,521.0,1704.0,32.0,23.0,1667.0,1397.0,168.0,87.0,0.0,121.0,225.0,20
340,0,2298,8498.0,1320.0,2461.0,560.0,47.0,377.0,1518.0,94.0,60.0,801.0,1522.0,61.0,125.0,10.0,103.0,224.0,19
341,0,1942,7037.0,1109.0,2134.0,421.0,39.0,332.0,1287.0,106.0,37.0,737.0,894.0,91.0,48.0,9.0,82.0,195.0,18
342,0,2591,9157.0,1412.0,2591.0,596.0,68.0,354.0,1439.0,128.0,87.0,1155.0,1218.0,150.0,111.0,10.0,98.0,212.0,20
343,0,1716,5641.0,798.0,1509.0,293.0,19.0,189.0,877.0,20.0,23.0,760.0,1142.0,61.0,64.0,24.0,64.0,135.0,16
344,0,40,107.0,11.0,23.0,6.0,0.0,3.0,11.0,0.0,1.0,10.0,21.0,0.0,3.0,0.0,1.0,1.0,1
345,0,1082,3892.0,483.0,1112.0,222.0,8.0,80.0,481.0,20.0,19.0,266.0,295.0,23.0,58.0,42.0,44.0,138.0,13
346,0,1367,4928.0,748.0,1286.0,260.0,17.0,306.0,943.0,14.0,13.0,588.0,1313.0,31.0,52.0,0.0,36.0,144.0,14
347,0,1405,5066.0,690.0,1531.0,322.0,12.0,130.0,735.0,18.0,8.0,477.0,577.0,69.0,62.0,0.0,39.0,156.0,13
348,0,1975,7408.0,1249.0,2054.0,440.0,79.0,192.0,875.0,273.0,97.0,820.0,1201.0,34.0,72.0,55.0,68.0,151.0,16
349,0,2576,9217.0,1636.0,2689.0,467.0,27.0,509.0,1676.0,253.0,104.0,1475.0,1171.0,130.0,135.0,9.0,111.0,235.0,24
350,0,1434,5586.0,927.0,1747.0,370.0,52.0,229.0,936.0,95.0,31.0,403.0,554.0,54.0,59.0,5.0,63.0,129.0,15
351,0,2035,7283.0,1241.0,2038.0,483.0,18.0,473.0,1512.0,14.0,8.0,1109.0,1745.0,186.0,172.0,0.0,93.0,152.0,17
352,0,1152,3871.0,519.0,1017.0,216.0,17.0,126.0,555.0,107.0,30.0,303.0,707.0,20.0,80.0,39.0,36.0,74.0,13
353,0,1654,6024.0,913.0,1697.0,316.0,33.0,124.0,699.0,179.0,58.0,475.0,939.0,46.0,37.0,36.0,43.0,87.0,14
354,0,1559,4532.0,629.0,1188.0,233.0,11.0,251.0,824.0,6.0,9.0,527.0,1209.0,55.0,21.0,0.0,40.0,133.0,16
355,0,1847,6527.0,1121.0,1897.0,411.0,55.0,287.0,1078.0,109.0,45.0,1183.0,835.0,114.0,51.0,4.0,70.0,160.0,16
356,0,1652,5721.0,745.0,1576.0,301.0,22.0,186.0,756.0,23.0,18.0,450.0,861.0,22.0,24.0,36.0,47.0,140.0,16
357,0,1763,6487.0,984.0,1779.0,363.0,25.0,325.0,1072.0,46.0,26.0,597.0,1308.0,40.0,63.0,2.0,65.0,184.0,15
358,0,1621,5319.0,824.0,1479.0,340.0,23.0,233.0,865.0,148.0,43.0,601.0,1064.0,87.0,91.0,4.0,48.0,85.0,19
359,1,2671,9801.0,1662.0,2781.0,524.0,38.0,630.0,1836.0,184.0,69.0,1312.0,1779.0,246.0,81.0,8.0,102.0,199.0,23
360,0,2011,6858.0,1251.0,1949.0,437.0,25.0,393.0,1199.0,67.0,50.0,998.0,1729.0,91.0,49.0,10.0,65.0,122.0,19
361,0,1454,5188.0,759.0,1540.0,325.0,5.0,215.0,909.0,53.0,25.0,522.0,613.0,61.0,74.0,5.0,59.0,142.0,17
362,0,2085,7627.0,1030.0,2195.0,394.0,35.0,75.0,744.0,189.0,89.0,721.0,686.0,51.0,254.0,36.0,63.0,176.0,16
363,0,1311,5041.0,701.0,1414.0,232.0,20.0,35.0,392.0,123.0,45.0,376.0,418.0,3.0,143.0,106.0,39.0,88.0,11
364,0,2228,8640.0,1084.0,2529.0,522.0,36.0,287.0,1365.0,80.0,47.0,429.0,1224.0,104.0,8.0,13.0,87.0,197.0,17
365,0,1537,5410.0,889.0,1375.0,293.0,10.0,320.0,950.0,56.0,29.0,854.0,1377.0,40.0,46.0,0.0,45.0,138.0,13
366,0,1717,6186.0,863.0,1759.0,367.0,59.0,110.0,662.0,215.0,84.0,526.0,1010.0,23.0,53.0,58.0,55.0,98.0,15
367,0,1802,7052.0,946.0,2040.0,391.0,36.0,90.0,640.0,133.0,52.0,364.0,954.0,24.0,105.0,40.0,42.0,174.0,16
368,0,1971,6279.0,718.0,1579.0,270.0,34.0,80.0,607.0,102.0,53.0,634.0,1034.0,69.0,69.0,82.0,37.0,201.0,19
369,0,1720,6510.0,1001.0,1889.0,194.0,59.0,28.0,443.0,370.0,142.0,800.0,850.0,13.0,12.0,123.0,26.0,120.0,16
370,0,1601,5813.0,771.0,1619.0,394.0,7.0,223.0,952.0,30.0,14.0,548.0,817.0,45.0,52.0,1.0,84.0,170.0,13
